842,847.27,840.73,845.07,3112275
841.84,845,839.38,844.14,2714667
834,842.81,832.82,842.7,2968853
837,838.31,831.45,836.39,2792442
831.62,843,828.55,836.53,4172618
823.82,828,822.85,827.46,2429609
821.6,825,819.71,821.36,2484948
812.69,821.48,812.5,819.71,2857985
809.31,816.16,807.5,812.5,3466091
809.8,810.72,803,807.64,3897301
806.72,818.3,804,810.2,10868773
836.59,842.49,828.26,839.95,7350492
829.21,833.78,824.94,832.35,3850181
823.75,826.99,819.56,823.48,3137196
833,833.5,816.38,830.38,3747336
839,839.7,829.44,835.77,2998700
835.53,843.84,833,839.15,3586323
825.79,837.42,825.29,836.52,4023078
822,823.99,814.5,822.44,2971740
806.8,818.5,805.08,817.88,2797474
815.28,816.02,806.26,808.33,3376196
810,813.51,807.32,809.04,2540784
809.5,811.73,804.27,807.48,2354201
815.7,816,803.44,809.72,3670529
814.32,821.65,811.4,817.14,3791945
800.31,814.13,799.5,813.64,4873922
793.66,799.5,789.51,799.02,2992791
796.6,798,789.54,795.9,2558369
798,801.77,791.77,796.92,3446109
782.36,799.44,778.48,795.99,5986234
761.55,782.4,760.26,780.45,5830068
758.39,759.68,754.2,757.18,2510526
757.92,758.76,747.7,753.67,3521066
766.47,767.4,748.28,749.87,4139449
772.4,773.4,760.85,765.15,3158299
776.25,780,770.5,772.13,3301025
763.4,774.65,761.2,771.4,2638725
764.55,766.5,757.99,760.59,1981616
768.12,771.21,763.02,766.34,2543551
770,771.22,765.7,770.6,2044629
768.65,774.39,767.71,771.22,2703629
758.89,770.5,756.16,766,3113240
765,765.13,754,757.77,4848219
766.28,769.1,760.31,761,3801927
778.25,780.86,762.81,768.82,5454836
764.96,782.46,762,774.34,5285288
766.4,766.89,757.2,760.12,2963945
770,770.25,765.34,768.66,2470923
771.87,773.79,765.19,767.33,3189608
764.55,770.42,755.82,770.42,3684906
763.99,768.24,757.25,764.72,3794746
745,761.49,742,759.36,4314723
743.4,748.49,736.7,740.34,3561307
752.41,753.37,738.03,743.65,4665993
762,768.09,750.25,750.57,4625946
768,769.89,761.32,762.52,3272344
776.99,777,764.24,766.77,4438828
786.5,786.75,777.9,780.37,1837068
781.73,781.75,773.12,780.12,3540263
788.17,792.4,781,785.33,5311320
766,780.35,765.11,780,4614574
761,767.74,757.64,760.16,4373408
749.32,757.5,748,756.4,3651345
739.88,749.87,735.61,746.49,3648791
730,746.78,725.99,743.24,6755785
745.51,746,710.1,719.07,7321344
735.73,743.26,728.9,739.01,6622784
778.81,778.83,717.7,742.38,12746994
764,777.5,760.09,771.88,8562892
784.97,791.74,779.1,787.75,3412629
771.64,787.73,770.94,784.93,5984354
762.79,766,753.23,755.05,5122103
765.05,777,764,767.03,3872496
783.93,784.75,763.55,765.56,5026504
799,800.84,776.71,785.41,5305428
781.03,793.7,780.11,789.82,5413326
782,789.49,774.61,776.32,10841073
831.24,831.72,815.43,818.36,7406385
832.76,833.44,820,822.59,3998102
839.3,843.09,833.22,835.18,3248358
824.95,838.3,822.21,838.09,4060899
809.36,819.42,809,818.99,2793015
813.99,815.71,803.1,810.32,3151954
820.4,820.67,815.17,817.69,2090706
822.11,823.26,815.02,817.65,2512504
821.5,822,811.68,812.95,3361492
835.08,835.74,822.96,822.96,2999814
829,831.8,821.21,829.28,3091387
834,837.67,830.1,834.09,2380416
841.02,841.29,828.35,831,3588180
843.25,845.2,840.27,841.71,1827143
845.79,845.95,837.45,839.43,2426228
843.7,847.21,840.6,841.66,2684013
838,845.67,836.12,844.36,3469055
840.91,842.36,830.26,834.03,2950314
836,839.86,831.25,836.74,2769448
832.61,839.95,832.4,837.31,4430566
828.26,837.5,824.63,829.05,4922248
818,830.14,817.03,828.72,4422078
801.85,816.64,801.11,816.11,3819600
801.8,805.93,797.14,799.16,2651397
803.13,807.75,802.12,805.75,2353511
794.27,805.89,794.27,804.7,4078910
783.25,790.69,779.01,789.74,2718644
776,781.37,776,780.22,1937164
779.97,781.94,771,775.1,2297221
773.28,780.46,771.66,778.52,5499182
762,770.87,757.58,769.69,3043534
762.2,767.5,758.85,761.09,2531822
768.77,769.89,759.05,761.01,3117224
757.35,772.66,756,771.49,3124704
779.36,781,760.11,760.14,4257344
783.89,786.5,781.44,784.06,2030511
789.53,790.79,784.33,784.48,2424622
774.04,789.48,770.22,788.87,3719788
774.11,776,771.7,772.44,2157422
770.9,772.04,766.75,770.62,1792271
766.6,769.64,764,769.16,1633789
771.05,771.84,765.56,767.58,1709158
768.72,774.98,768.6,771.29,2198560
760.05,770,759.8,769,2776830
756,760.56,754.74,759.22,1622992
763,763.41,755.36,757.25,1744107
763.31,764.7,761,762.45,1524131
757.5,759.85,752.1,759.48,1679251
761.9,762.49,756.89,757.31,2343237
764,765.17,760.6,764.46,1458834
764.41,765.22,759.2,764.63,1891116
768.62,768.73,763.82,764.04,1604561
771.9,772.04,767.71,768.49,2118521
768.46,773.15,768.42,772.56,1563318
769.94,773.75,769.12,771.24,2019740
769.8,772.1,766.19,768.56,1604280
767.39,772.6,766.9,768.31,1876091
766.81,767,761.02,766.56,1986272
764.81,768.47,763.09,765.98,2704391
753.7,765,750.35,760.77,3178208
757.06,758.89,752.25,754.64,3581525
763.81,765.01,757.02,760.58,3603280
759.87,770.5,757.06,767.74,3578205
765,766,755,758.81,6777050
745.98,753.36,739.7,752.61,7617580
737.97,740.94,733.86,736.67,2913134
742.71,743.13,732.75,735.59,2529692
746.55,748.5,735.35,739.61,2679290
747.79,751.28,743.53,744.86,2277711
747.5,749.36,742.79,744.43,2317072
744,746.25,740.7,745.72,2214023
732.5,743.33,732.31,739.95,2216820
735.49,741.6,728.72,736.07,2954914
746.55,746.55,734.05,735.44,3121385
748.86,749.04,739.02,741.2,2390472
746.76,756.87,741.25,742.63,4142265
756.86,757.34,740.33,748.21,5623657
750,755.9,747,753.78,3195272
740.14,746.1,738,745.81,3429217
739.33,739.55,731.63,736.57,2945783
725.71,737.77,722.58,737.61,3938249
722.8,728.11,719.61,728.1,2431431
717.32,728,716.54,725.68,2920423
717.2,719.37,712.54,715.62,2855142
715.75,719.5,713.54,715.6,3070052
700,708,698.17,707.95,4036957
692.01,696.82,682.12,691.36,5584037
693,712.53,692.2,698.96,7632511
715.5,722.12,712.5,722.08,2824974
716.58,717,707.56,710.6,2260454
715.72,718.4,712.72,715.82,2137534
713.5,721.31,710.81,714.01,3677162
718.19,718.2,699.18,706.39,5897788
712.05,718,705.3,717.51,3097961
722,722.56,713.35,714.26,2709447
712.33,720.8,712.27,719.3,2506922
714.01,721.99,711.16,715.24,3352201
722.35,724.98,714.21,717.91,3425718
723.1,728.91,722.3,727.65,2170318
726.4,729.42,721.6,726.64,2223366
729.89,730,720.55,723.74,2732463
726.5,731.5,724.42,726.73,2704806
726.74,727,718.43,725.54,3367306
720.97,728.28,715.5,728.24,3026583
720.9,726.43,718.22,719.44,3263107
712.33,724.23,711.32,722.79,3618323
715,716.6,711.1,712.24,2246353
708.33,715,707.29,714.91,2436846
708,710.86,705.52,708.35,3267686
698.01,707.5,698,704.2,2851442
704.25,706,696.42,696.75,2579171
701.05,707.24,700,702.8,2867442
691.88,699.4,689.56,698.52,3014968
689.56,702.54,688.76,697.45,4272357
709.9,714.47,693.91,695.27,5093930
710.13,713.25,700.28,710.66,5425097
714.64,719.25,706.51,709.92,4746626
717.38,722.45,711.51,717.93,5034666
705.79,719,701.65,713.23,7315995
694,704.55,693.5,703.07,6087032
673.95,686.98,671.41,679.75,3972272
656.05,676.95,656.01,673.95,4347214
673.31,676.49,656,659.09,4875480
662.59,674,662.14,670.9,4574490
677.36,680.3,670.43,671.32,4902099
663.92,685.5,662.03,683.85,6560872
666,669.98,654,659.59,10291785
615.54,626.8,599.2,602,7142090
611.8,615.95,601.28,606.57,4020813
626.17,626.75,614.88,616.88,2492620
616.61,626.98,616.25,626.2,2666702
624.47,628.25,611.56,620.5,5069891
631,637.82,628.5,631,2550919
630,636.55,623,632.99,2601549
637.14,638.01,620.8,627.9,4048806
625.35,637.64,624.96,635.35,4336419
621.92,626.77,618.11,625.89,2880881
615.07,624.38,615.07,620.75,3474327
607.68,616.81,605.29,614.82,4209763
598.4,604.06,592.31,603.17,2636315
596.14,604,594.91,595.93,2696498
594.32,597.86,589,594.6,2589156
598.76,599.6,589.08,591.43,3153717
587.52,602.39,587.5,602.08,2833480
590.77,593.47,585.25,586.14,2277169
599,599.5,590.55,593.19,2466710
590.49,599.03,588.3,598.5,2912350
599.28,600.75,592.21,593.64,2673617
596.71,603.24,595,598.69,3887968
580.15,595.85,576.5,593.86,4167059
584.4,584.75,575.56,579.87,3118032
567.11,583.55,567.08,582.95,5141569
561,572.48,558.1,569.63,3966131
545.11,562.76,545.05,560.48,3990902
548.91,555.24,538.58,553.98,5146137
560.94,562.33,546.09,552.08,7263345
569.51,571.4,555.01,559.44,5918200
576.64,581.32,571.14,574.27,3474570
571,581.52,567,577.02,3876821
567,576.89,563.05,573.37,3451873
566.95,570.06,562.73,569.61,3755372
566.74,567,547.9,558.93,3914343
559.56,560.35,550.12,559.47,4373282
557.87,571.35,554.74,560.26,4709432
573.54,573.63,555.55,562.8,4926936
581.07,581.4,571.06,575.14,3405070
577.96,579.87,573.11,577.49,2736673
581.75,585,573.7,580.21,4576922
556.29,579.25,556,579.04,5014414
554,564.81,552.51,552.52,4013368
560.12,562.5,553.17,555.23,4858230
555.52,559.39,545.29,555.15,4510534
545.75,554.27,533.15,554.04,6207285
555.55,556.91,545.33,552.94,4035929
542.2,560.65,541.08,559.5,5541066
520.71,535.95,515.35,534.9,4941120
541.19,541.2,523.73,525,4704237
528.74,537.48,519.39,534.1,4777467
519.48,524.45,511.66,521.1,5080654
510.7,516.75,501.49,507.08,5357247
491.17,509.3,484,503.82,7372686
491.76,504.66,486,490.48,6746103
478.01,498.38,474,482.07,7045885
486.47,493.5,475.21,488.1,9808766
529.28,529.45,499.19,502.13,9639606
525,538.99,519.22,536.26,6176558
553.5,556,521.9,531.07,10037222
570,571.56,550.09,552.1,6281425
578.15,581.8,570.31,574.81,6313793
571.98,593,570,587,14622317
608.37,638.06,597.55,635.35,12615917
601.99,603.39,578.78,583.35,5029472
603.45,604.5,590.38,601.25,3743213
597.99,608.5,594.56,596.53,4376653
588.73,600.1,584.11,596.38,5101123
573.58,588.81,568.22,575.02,4932633
564.36,578.45,547.18,571.77,7944703
577.09,584,566.45,574.48,4782763
572.24,584.62,565.3,570.18,7754464
580.25,602.25,569.88,593,7203038
620.88,620.88,579.16,581.81,7599968
625.25,625.99,612.24,617.89,4724100
612.48,619.85,598.57,617.74,4891551
619.66,624.14,606,607.05,5512915
621.8,630,605.21,607.94,7074915
622,639.79,620.31,632.65,5329197
646.86,646.91,627.65,633.79,5822603
656.29,657.72,627.51,636.99,9280761
686.08,687.75,675.89,675.89,3749560
691.89,695.49,686.38,689.07,3519003
677.98,696.44,677.89,693.97,5734996
665.56,675.5,665.5,675.2,3783555
663.35,664.68,660.6,662.79,1092970
666.5,666.6,656.63,663.7,2722922
666.83,668.49,659.26,663.15,2667795
668.5,669.9,658.93,664.51,3250900
668.65,676.84,664.13,664.14,6841304
680,682.5,670.65,670.65,3681645
663.56,677.35,659.32,675.77,3964470
665.03,671.5,657.35,658.64,4753415
641.75,658.58,635.27,657.91,4329653
651.23,657.88,639.62,640.15,5474420
665.59,668.53,659.56,662.32,3455472
678,679,655.68,664.79,5158172
663.13,679.99,659.79,677.33,3651908
674.74,675.46,660.5,669.83,3732814
666,674.78,661.4,672.64,4534796
679.44,682.79,661.48,666.25,5064736
681,684.82,674.25,676.01,4259104
673.75,681,667.86,679.06,4739462
675.9,681.29,664.6,664.8,5474105
680.8,680.99,672.1,673.26,1966551
675,679.7,671.24,675.34,2697889
674.14,675.8,661.21,671.15,4533750
671.5,682.77,670.12,678.99,4367129
663.95,668.87,657.57,668.45,3860188
664.99,672.86,659,661.27,4674078
646.51,664.88,646.37,663.54,4315747
650.65,653.25,641,643.3,4291990
640.92,649.99,622.29,647.81,7403464
663.57,667,640.45,642.35,6213880
673,675.64,664.22,665.6,4246218
663.25,675.96,663.25,673.25,5373772
653,660,647.26,659.68,3464933
658.65,661.96,647.85,655.49,4040181
655,662.26,652,659.37,4082524
647.1,657,643.09,655.65,4707393
627.76,645.93,627.35,640.95,4831843
629.53,629.89,622,625.31,3242365
627.13,628.63,620.41,628.35,2792454
626.01,630.72,625.28,625.9,3840398
617.7,627.54,615.39,626.55,3858609
612.3,617.23,609.5,617.1,3911944
608.6,614.71,605.53,611.01,3721355
602.3,609.85,596.29,608.61,4259250
617.68,619.45,595.36,599.03,10671575
562.7,569.15,556.67,563.91,7250534
563.87,565.25,552.52,555.77,3343551
572,573,555.28,560.88,4327920
570.76,579,567.38,573.15,4326293
565.27,570.94,560.31,570.76,4218101
547.75,563,547,562.44,4914627
551.34,552.25,539.68,544.83,3561089
546.26,553.2,543.1,548.9,2737089
539.96,550.82,539.8,550.19,2761080
534.48,541.79,530.27,539.8,3527237
536.71,539.39,519.89,533.16,4648953
541.79,542,529,541.94,3788801
545.5,551.5,533.33,537.48,4502815
536.99,545.91,536,543.68,3352397
512.99,532.6,508.1,532.54,4576555
511,520.8,506,520.72,3741058
505.44,512.8,501.67,511.89,3990425
506,511.48,490.5,496.07,4443224
520.02,520.28,494.33,504.06,5383198
542.57,542.8,521.4,524.25,3910275
530.55,534.56,522.87,533.75,3481804
538.3,541.21,534,536.07,2228055
539.71,543.55,532.66,538.4,3824240
544.33,549.78,539.59,548.39,3265264
534.62,546.24,531.35,540.26,6125617
526.98,546.97,526.57,538.87,4124870
521.98,528.3,518.52,527.39,2248046
523.25,527.92,517.2,522.37,2845635
529.44,532.45,518.58,521.38,3127107
521.07,529.44,520.6,529.44,3218563
515.15,526.13,514.78,522.24,2562832
524,529.95,515.06,516.89,4338714
508.69,518.35,508.51,517.54,3777499
497.65,502.85,495.64,499,2666341
514.5,515.84,502.57,504.72,3098941
505.09,510.86,497.72,510.55,3689628
499.14,510,493.43,496.54,3824035
516.44,519.41,509.07,512.89,2982995
517.5,521.5,513.04,518.01,2733815
513.71,522.69,507.26,518.37,6064885
484.02,503.72,478.76,500.77,6323581
487.49,489.44,466.25,466.37,5643973
463.58,489.76,451,463.37,10063882
507.36,512.33,494.47,494.47,6636405
530.39,533.25,515.77,515.78,4374857
533.74,537.25,529,532.92,2324040
535.04,539.49,533,535.02,2071342
531.29,538.74,527.12,535.22,2581680
528.25,534.11,528.25,531.52,1994799
527.37,534.66,525.48,529.66,2895238
523.75,527.5,513.06,525.91,4014684
523.65,528.98,522,527.46,2676600
528.52,532.28,523,524,2615926
529.16,529.46,518.21,522.62,3969215
539.3,542.74,527.52,529.46,3820453
538.8,539.14,534.12,537.01,2889350
529.69,536.95,529.16,531.9,2934590
537.45,540.44,529.36,535.03,3014236
539.09,542.84,534.52,536.15,3025598
527.65,539.2,524.29,536.76,3743065
530.92,532.97,525.02,529,3752634
536,536.39,523.12,526.03,5273092
527.75,544.95,526.6,531.41,7490960
578.99,580.57,529.35,529.42,21909381
491.66,491.66,475.7,482.18,9374431
485.99,492.5,484.9,488.27,3114898
487.9,488.88,482.55,488,3181831
492.57,493.2,485.4,488.1,4752491
477.7,485.42,477.25,483.01,4932176
465.5,475.88,464.8,475.48,4095581
463.04,464.7,460.2,461.19,2987399
462.32,469.6,458.16,465.57,4736215
448.29,457.87,447.54,455.57,3956802
440.49,444.72,439,443.51,2400981
434.9,438.72,434.15,434.39,2271395
434.35,435.99,428.83,429.7,2383130
435.68,437.73,425.57,436.72,3454248
435.23,439.73,433.52,436.04,1903161
437,438.2,433.48,437.71,1343397
439.35,440,435.58,437.39,1987076
434.2,435.57,430.46,434.09,2596873
434.98,437,429,429.86,2753193
441.76,443.49,435.06,438.1,2624479
438.07,443.47,436.39,440.1,2237458
444.97,446.47,440.23,440.84,2620827
435.59,447.04,433.69,445.99,3245049
437,439.24,434.18,436.29,1823572
440.26,444.99,433.24,434.92,4495087
430.3,439.73,429.4,439.39,3378360
428.36,431.35,424.75,427.81,2185869
424.15,427.97,422.67,427.26,2297469
427.66,428.05,422.64,423.67,2050987
431.25,432.36,428.26,429.92,2054385
432.29,438.89,431.47,432.97,2922459
426.46,432.2,425.66,430.77,2172333
422.96,427.49,419.14,425.48,2288663
425.62,426.8,421.42,423.5,2172525
429.66,430.8,426.5,426.95,1907855
434.4,436.76,429.26,430.78,2510761
434.4,438.39,432.75,436.59,2727914
430.07,433.23,426.25,430.99,1669845
430.4,433.16,426.2,430.92,2253264
427.23,432.5,427.23,429.23,3016060
429.71,431.35,425.47,426.57,1912436
427.45,431.85,425.01,431.42,2231088
426.2,427,422,425.47,2244185
431.55,432.44,427.61,427.63,2020629
428,436.9,428,431.63,4121401
420.6,427.1,418.36,423.86,2196159
424.87,428.24,420.63,421.71,2465240
426,427.27,421.46,425.24,2390229
428,430.4,424.3,426,4240306
429.45,433,427.01,432.28,1888477
429.98,433.53,425.8,426.87,1996328
431.08,433.25,426.71,431.02,1947822
432.51,439,431.37,432.85,2393737
430.75,435.2,430.17,433.69,2908838
424.15,428.5,422.85,426.88,2766132
421.43,422.72,414.55,419.1,2552474
422.85,427.51,421.02,421.19,2856386
424.8,429.77,422.42,423.04,2270448
423.82,425.64,416,422.87,3565824
427.11,431.75,419.24,421.78,3647877
426.75,434.24,426.03,429.37,3621688
438.51,439,428.04,429.31,4140483
443.86,446.99,437.41,438.56,5430949
439,452.65,439,445.1,17176904
390.21,391.88,386.15,389.99,7979985
391.91,394.28,388,389.8,3474724
391.31,394.6,386.8,391.18,4643524
378.55,391.94,377,389.51,5016148
382.63,383.56,374.4,375.56,3839664
383.69,387.45,383.55,386.04,2080418
384.65,385.78,381.64,383.45,1933229
383.51,387.81,381.21,385.11,2583575
383.53,385.28,380.14,382.36,1894453
384.31,387.12,381.32,382.65,2573519
380.66,384.42,378.8,383.54,2392328
374.66,381.58,374.65,381.2,2636434
376.15,379.31,374.03,374.41,1954902
370.1,380.2,369.36,377.04,3050709
370.5,373.28,369,372.25,1875279
372.1,373.16,368.34,370.26,2458095
373.24,377.7,371.51,372.1,2506122
371.87,376.12,371.55,374.59,1820933
367.11,373.17,366.57,370.56,2609774
369.59,371.4,365.65,367.35,2929962
375.17,380.5,370.28,370.96,3429497
373.99,375.24,372.27,374.09,2228214
378.07,381.77,374.94,375.11,2239343
376.29,379.37,375.92,378.49,3763553
373.87,377.11,372.19,373.24,1915671
369.97,375.99,366.7,375.14,2654135
371.11,374.5,369.64,371.92,2036961
370.38,373.94,366.72,373.35,2354059
371.52,373.99,366.68,370.58,2611658
368.82,375.5,367.52,374.24,2810001
370.61,373.35,366.26,366.37,2495097
377.45,377.77,369.18,369.51,3120972
378.4,379.33,375.28,378.56,2311390
385.52,387,378.88,380.09,2627042
385.61,388.42,383.89,387.83,2693518
385.71,387.9,382.19,382.72,2259141
383.95,386.1,381.6,384.61,1946498
380.85,385.9,379.48,385.66,2139205
384,385.99,379.79,380.16,2532309
384.07,389.37,383.28,384.8,2687107
377.27,387.85,376.54,385.37,3174495
378.65,380.48,376.16,378.59,1921850
383.44,384.54,378,380.14,2176989
378.62,383.7,375.84,383.66,3258023
373.49,381.88,373.43,379,2953752
375.42,376.74,372.85,373.37,2650610
377.72,379.98,372.67,375.43,3673208
378.41,383,377.01,381.83,3475069
375.1,378.51,373.15,377.17,2791050
371.23,377.1,371.1,375.14,2786523
371.19,374.3,368.51,373,2287232
371,374.41,367.2,370.56,2724630
374.87,375.99,371.01,374.28,3892382
366,378.8,365.9,373.89,7247605
358.38,367.5,358.23,364.75,4169927
360.29,367.82,360.21,363.55,6212565
350.05,365,350.01,364.47,10231914
346.32,359.5,340.74,354.53,23856060
304.73,312.8,299.33,311.78,8656567
309.81,311.51,303.8,303.91,3063774
306.3,310.24,302.62,306.75,2920315
311.82,313,307.52,309.66,3169665
308.08,316.93,307.72,312.39,4496419
300,312.25,300,310.32,5362640
289.64,306,287.26,297.25,10065076
292.59,293.36,286.39,289.44,3075081
286.28,290.79,285.25,290.74,3478176
294,296,286.82,286.95,4419196
291.93,295.91,286.5,293.27,5538666
297.48,301.5,293.23,294.74,4136442
297.56,298.51,289.28,291.41,3421392
301.48,302.87,296.68,296.93,2592360
300.32,303.14,296.11,300.46,3088398
297.5,301.28,295.33,298.42,2640349
302.24,303,292.38,295.29,3519034
307.01,308.38,300.85,302.19,2774231
312.58,314.75,306.96,308.52,2788101
311.55,312.98,310.01,310.35,2057766
309.91,313.94,309.34,310.3,2093023
307.85,314.27,306.58,312.04,3009046
305,310.78,303.81,309.09,2893801
306.38,307,302.88,303.03,1518107
306.98,307.49,303.25,306.28,2718359
301.94,307.36,301.94,306.54,4003827
296.91,301.54,295.52,299.9,8709129
304.01,304.5,293.25,297.73,7738067
296.37,299.67,293.03,298.88,4433505
304.35,304.49,295.01,295.06,6501252
308.87,310.86,302.15,306.07,3841577
303.99,310.64,303.01,307.32,3162322
307.89,312.64,306.01,307.36,3272919
312,313.19,304.68,305.84,3245890
302.99,313.64,301.14,312.5,4049506
311.57,316.56,304.82,306.64,3639180
316.8,316.93,310.84,312.63,3265214
315.53,318.59,313.47,316.93,3296642
325.73,326.77,314.36,316.5,5689904
327.5,327.93,323.25,326.31,2790257
338.12,340.64,325.93,326,4944861
336.03,341.26,336.03,338.64,3051798
333.78,334.65,331.75,333.57,1985949
335.27,336.33,331.28,335.04,2564989
334.78,337.39,333.6,335.64,2754186
335.42,338.33,331.47,332.63,4466587
324,332.67,323.33,330.54,3436721
327.25,328.4,324.02,326.54,3281614
323.99,329.56,323.25,324.93,3551161
326.44,328,318.03,323.05,4784933
317.12,332.88,316.4,327.82,8877785
312,317.89,311.51,316.48,3686428
310.75,312.58,308.79,311.51,2182982
305.94,312.38,303.65,312.01,3807333
300,305.8,300,305.11,2809056
297.82,299.99,296.29,299.86,2647352
296.69,297,292.29,296.64,3758121
303.01,304,294.16,296.52,4674492
303.99,304.25,300.17,302.81,3427384
306.24,308.01,303.24,305.72,3244150
305.15,305.72,301.5,305.46,4551795
293.98,299.74,292.36,299.07,4055155
299.11,299.61,293.07,294.12,4883259
289.76,298,289.76,295.59,5576646
285.7,290.42,285.02,289.97,5950594
284.4,293.81,284,287.06,19805911
313.4,316.8,311.4,313.18,9038193
315.43,318.98,312.64,312.97,3130049
309.9,315.64,307.07,315.33,3563351
302.95,306.53,302.02,306.21,3239490
307.15,309.2,302.72,303.64,4409218
293.83,306.82,293.83,302.86,4731866
304.35,307.9,299.1,305.97,5348254
308,312.24,305.75,308.31,3385809
309.87,313.2,303.47,306.45,4369850
314.02,317.77,311.38,311.39,3684314
321.49,322.27,314.52,315.37,3589464
316.58,324.11,314.14,322.7,3458960
319.43,322,316.67,316.98,2365698
323.5,324.13,319.6,322.2,2294194
320.36,325.16,319.53,322.74,3037891
316.92,318.53,311.31,318.41,3553944
322.04,322.16,315.55,317.46,3096735
321.36,323.43,318.51,322.44,2639967
320.5,323.75,319,321.82,1929589
320.6,323.5,317.64,323.21,3639155
327.99,328.54,321.4,321.93,2934944
324.17,329.44,319.56,328.21,2647232
322.46,327.6,321.25,323.63,2353590
328.49,329.49,321.06,324.5,3118649
327.6,332.76,325.57,331.32,6886382
325.44,327.1,323.71,325,2577706
327.76,328,321.52,324,4138950
321.07,329.48,320.1,327.76,3265860
330.91,331.33,319,323.89,4006918
329.56,332.89,328.79,331.19,3429727
329.94,333.01,326.39,330.52,2721893
334.3,334.98,328.82,331.33,3798904
341.61,341.76,329.18,329.75,4646832
344.54,345.81,339.04,342.34,2960693
346.3,346.83,342.5,346.38,2111220
343.69,349.38,343.58,345.95,3965557
342.54,343.27,337.55,339,1998540
339.98,342.5,337.16,342.38,2328881
341.76,341.82,337.68,339.04,1939848
340,341.79,338.8,340.02,2254725
342.09,346.67,341.34,343.18,2961767
337,344.36,334.55,341.83,3654702
333.21,336.77,332.71,334.02,1960978
332.99,334.08,330.8,331.59,2212965
336.48,336.58,332.23,332.91,1975792
334.68,337.16,334.02,335.78,1811462
334.87,335.81,333.01,335.13,1714120
335.48,337.8,333.77,334.53,2488186
334,335,328.32,333.63,3897928
327.8,334.09,326.71,333.21,3420646
327.6,331.72,326.14,326.28,4945094
318.89,321.31,316.95,319.32,1916143
318.48,320.38,316.88,318.33,2472819
311.94,317.32,310.66,316.8,2708416
315.21,315.88,309.66,311.45,2936913
310.83,315.78,310.2,313.89,2297476
313.65,314.55,310.06,312.32,2856294
308.84,316.18,308.5,313.65,4208660
313.69,315.83,304.59,307.06,7443091
320.01,320.68,311.86,312.99,5193770
321.45,322.73,318.5,322.51,3973213
321.98,322.9,319.5,320,2885644
324.25,324.82,316.5,320.41,5933999
317.3,324.87,314.76,324.01,17855141
359.98,364.85,358.52,358.61,7088655
359.05,360.63,356.62,358.14,2688761
355.25,362.93,355.25,360.84,2889366
358.1,361.71,356.72,359.76,2282741
354.4,359.68,352.08,358.66,3410032
353.44,356.96,351.38,352.45,3640290
355.62,359.32,353,355.9,3505023
353.72,355.59,349.4,354.44,4176758
347.03,355.77,345.36,355.32,5615482
334.71,347,334.71,346.2,8309079
324.34,329.98,322.65,327.92,2665753
324.71,330.2,323.15,329.97,3167133
333.1,333.74,321.4,323.81,4275447
337.5,337.55,332.52,333.55,2130028
334.83,338.3,333.08,337.49,1944300
333.2,336.76,331.66,332.85,2681578
325.86,333.2,325.1,332.39,3178548
324.98,326.98,322.24,324.78,2672165
325.88,326.52,323.27,324.57,2419626
328.49,328.65,322.13,325.69,2699908
324.33,328.15,321.74,327.44,2328006
327.54,329.73,322.74,324.16,2627978
323.33,327.55,321.41,327.24,2609628
327.76,328.22,320.42,324.2,6056210
335.26,338.9,325.98,327,5327002
328,335.75,325,334.38,6409334
327.54,331.34,325.23,325.62,2924058
324.86,328.69,323.52,327.62,2449843
327.05,329.3,323.53,326.27,2766909
335.55,335.55,324.66,325.91,4276316
336,340.72,333.88,335.2,4439178
327.65,335.5,327.5,332.41,3668904
331.57,333,325.65,327.5,3212755
325,330.88,324.93,329.67,5246723
308.1,327.94,306.9,323.57,7803760
306.85,309.5,303.84,306.78,2111176
305.75,307.92,305.07,307.19,2379273
312.59,312.6,307,308.84,2205909
314.43,314.65,307.57,312.55,4260624
310.42,314.87,310.2,313.78,2365679
309.5,313.82,307.42,310.16,2726803
314.41,314.63,307.38,310.82,4864163
305.46,312.35,304.9,312.24,3055997
305.05,308.54,303.01,304.91,2576888
302.21,305.96,301.52,305.01,3409200
297.1,304.46,296.75,301.19,4096308
295.76,299,293.81,296.76,2286313
292.8,298.88,291.55,297.7,3637649
298.02,299.2,290.38,295.19,4299530
302.5,304.64,296.66,297.62,3328414
302.6,305.6,300.75,304.64,3509937
294.3,303.34,294.16,302.86,3735443
290.57,293.68,284.38,292.24,4062984
290.82,295.88,287.23,288.32,3848996
295.56,296.4,286.68,292.71,7016937
309.53,309.81,297.04,297.38,4682327
306.37,310.23,305,310.05,2520300
310.42,313.29,304.31,308.01,3995218
304.13,310.48,304,307.89,4329167
298.1,304.56,298.1,304.13,4090006
296.44,301.84,290.45,300.38,6510591
304,304.39,288,296.58,14479803
316.25,316.49,302.71,303.83,16186737
329.67,337.4,322.95,337.15,9293735
333.06,333.13,323.39,324.58,3604586
332,337.5,328.94,329.32,3714288
323.97,331.15,322.31,330.87,3000598
319.76,328.66,319.76,324.91,4300378
321.17,324,314.71,323.68,4285901
316.7,318.28,305.5,316.08,5399337
317.67,320.48,311.28,315.91,4293532
314,316.5,309.5,311.73,7292028
330.6,331,316.5,317.11,6133376
328.47,332.18,322.5,331.8,5058664
321.88,328,318.44,327.07,6585583
320.99,324.94,313.13,317.76,7077360
335.15,335.44,315.61,323,12534578
341.82,342.5,328.46,333.62,6399299
345.99,348.3,340.38,341.96,4475523
338.09,344.43,338,342.99,3602899
342.4,346.29,334.06,336.36,4297487
340.05,347,336.08,338.29,3986782
343.15,344,330.88,338.47,5770462
357.13,357.6,343.4,343.41,4120665
354.03,358.97,348.84,354.71,4455703
360.09,361.5,348.6,351.85,4879627
371,372.84,358.4,360.62,5417935
370.64,373,366.22,368.97,2558460
378.77,379,369.42,373.23,2646687
377.32,379,375,378.77,2483508
375.72,378.85,374.88,375.04,2306821
372.8,378.57,371.55,373.74,4402220
376.62,383.11,368.08,371.51,6829047
366.4,371.16,363.61,370.64,2219663
370.99,372.8,367.28,368.82,2248019
372.69,372.73,367,370.53,2107820
374.58,374.99,369.53,372.06,2280358
374.05,375.33,368.9,372.16,2927497
364.13,372.73,363.9,372.37,3862706
363.9,365.68,362.46,363.9,2706843
358.74,360.96,354.48,359.78,2804261
360.6,365.86,357.08,362.1,3885207
357.22,360.59,355.5,360.13,3105442
359.86,364.75,357.17,359.8,3622506
353,361.08,351.58,358.32,3747076
345.19,353,343.29,351.78,3647182
352.44,354.14,346.75,346.76,4212144
348.8,350.46,344.38,349.8,3496663
352.64,354.54,346.1,347.38,4175393
355.28,355.73,349.45,353.65,5000493
359.34,359.34,353.35,357.35,3524570
347.7,357.2,346.5,357.2,4181445
356.43,357.75,346.32,349.25,6599199
361.84,363.61,356.25,361.79,3225200
361.61,365,359.35,360.87,3451093
358.98,361.8,352.49,361.08,4347189
347.4,354.82,347.4,354.59,3340542
346,349.37,337.73,346.45,4439010
349.59,354,344.02,347.95,4821177
358.98,360.85,340.1,346.15,10290934
371.76,375.45,357.76,358.69,16181519
393.77,406.25,387.7,403.01,10900116
392.16,392.85,383.24,384.2,3399294
387.4,394.74,387.12,394.43,2901611
390.5,394.1,380.49,386.28,3944752
398.16,400.2,387.27,387.6,4513038
401,406.17,397.79,399.87,3026272
408,408.06,402,404.54,2069759
403,407.8,401.6,407.05,3122705
394.26,403.49,393.66,399.61,4508791
393.68,399.29,389.41,395.8,2602506
398.94,399.31,392.53,395.87,2678794
392.13,398.63,391.29,397.54,2340401
397.98,399.78,388.45,390.98,2846507
402.53,403.76,393.8,397.66,2681701
403.71,406.89,398.44,401.01,2103793
398.47,403,396.04,401.92,2316903
395.04,398.47,394.29,398.03,1916684
395.85,397,388.42,393.63,3172207
398.29,402.71,396.22,396.44,2213512
398.8,399.36,394.02,397.97,2140246
394.58,398.83,393.8,398.79,1997051
399.41,399.92,392.45,393.37,2487812
404.65,405.63,396.25,398.08,1987280
401.79,404.52,396.81,404.39,1871590
402.52,403.72,396.37,399.2,1380373
403.69,405,399.2,402.92,2661823
396.84,404.72,395.78,402.2,5038537
394.36,397.29,392.6,395.19,2429598
389.56,396.3,383.1,395.96,3493635
391,391.36,386.5,387.65,2348377
385.5,391.7,385,388.97,2258884
384.62,389.42,383.8,384.24,3025145
381.55,385,379.5,381.25,2123652
387.71,388.98,382,382.19,2451254
383.5,389.06,383.02,387.78,2739875
388.21,388.21,382.57,384.89,2766573
388.35,388.35,383.83,386.95,1987762
386.65,386.65,381.37,384.49,1906452
383.5,389.69,381.49,385.96,2355719
390.11,390.95,383.1,384.66,3707536
399,399,389.1,392.3,4718883
389.1,394.1,388.62,393.62,2405985
383.5,387,382.61,386.71,2269656
377.61,382.5,374.82,381.37,2730689
373.82,377.79,373.18,376.64,2972546
370,374.5,366.31,372.31,2967833
364.05,369.25,363.3,368.92,1967041
367.56,367.56,360.45,362.57,1772984
365.82,368.78,362.5,364.94,1904797
370.28,373.49,364.67,366.18,2738214
367.63,372.9,365.55,369.17,4494773
357.39,368.94,356.43,367.4,4164128
347.4,356.22,345.68,356.22,2777832
352.99,355.48,347.28,349.53,2344304
350.59,355.37,348.06,354.38,2262538
345.95,351.05,344.04,350.31,2656865
355.86,357.9,341.88,343.56,4250065
360.45,362.87,354.5,356.18,2288077
356.78,360.17,354.84,358.89,2007275
360.12,361,354.4,358.74,1940496
365.63,365.77,356.1,359,3332126
361.73,366,359,364.03,2466937
362.62,365,358.65,361.08,4505005
358.96,362.89,356.29,362.7,2190763
359.92,362.75,357.2,358.16,3635848
358.6,368.4,352.62,363.39,12043903
329.63,332.65,326.75,332.21,5884655
330.84,331.72,324.06,326.76,2818158
327.72,337.11,325.68,332.54,3942953
329.89,330,323.8,326.44,2527617
319.36,331.89,316.75,328.93,5969814
307.07,311,305.24,310.77,2648384
308.38,310.8,305.55,310.49,2180521
309.87,310.79,305.26,306.4,2261554
309.22,311.64,307,310.7,1939092
304.77,310.93,303.84,310.89,2163093
304.63,306.7,302.59,305.17,2557138
303.42,303.5,296.5,298.23,3252771
311.5,311.54,300.27,303.23,3171592
315.24,315.34,309.74,310.03,2085725
315.13,319.2,312.62,319.04,1814976
320.39,322.92,313.02,314.76,2679440
318.04,321.73,317.52,320.51,2224623
314.22,321,313.65,320.95,2398999
313.41,315.31,311.06,312.64,1625844
316.92,317.21,313.35,316.01,1658435
313.9,319.37,313.26,318.12,1990982
314.53,316.71,310.75,312.65,2010249
312.43,318.08,311.28,314.13,2033546
314.01,315.9,308.77,311.49,1885197
312.54,320.57,312.41,316.34,5306003
313.77,314.54,311.04,312.06,2350946
304.06,312.74,302.91,312.03,2946988
297.63,304.65,296.01,304.17,2297381
299.82,301,295.26,296.06,1818400
300.14,300.22,296.2,297.92,1350645
299.39,302,297.66,298.86,1606393
298.91,301.86,297.84,299.64,1742264
300.55,301,297.22,300.36,1781037
297.22,299.96,296.6,299.71,1646244
295.33,298.88,290.8,295.86,2293345
293.63,297,292.71,294.1,1819790
288.33,295.23,287.58,293.64,2439351
284.73,291.39,284.17,288.8,2898422
284.59,284.87,280,280.98,1534706
281.45,285.98,280,283.98,1566544
280.36,283,279.33,281.58,1457461
283.87,285.28,279.74,280.93,2475991
290.43,291.05,285.62,286.21,1718213
291.21,291.5,287.9,290.01,1968285
284.8,289.87,284.8,289.73,1422672
285.09,288.5,283.83,284.57,1816344
285.88,289.52,285.74,287.09,1586236
285.19,289.56,283.48,285.57,2479612
286.55,288.33,284.5,284.82,2423056
288.79,289.3,285.15,286.47,2261493
294.29,294.29,290.54,291.34,1415476
295.88,296.37,290.67,293.97,2355093
295.79,299.08,295.26,296.69,1504625
295.68,299.27,294.3,297.26,1950386
298.52,298.52,292.55,295.74,2346335
300.15,300.99,296.15,296.91,1963110
300.51,301.36,297.52,300.75,1849796
303.4,303.62,298.3,300.99,2233258
304.63,305.33,301.5,304.21,2508358
303.08,306.21,298.9,305.57,2971659
303.91,305.15,301,301.22,1891514
307.72,309.78,301.57,302.41,3053775
311.07,313,305.9,306.1,3213115
299.55,313.62,295.55,312.01,8819755
299,304.5,296.75,303.4,5484465
303.02,303.84,298.04,298.94,2002745
303.16,305.06,300.56,301.06,1999624
309.25,309.25,302,303.48,2522023
304.39,305.79,301.91,305.23,2973181
306.27,306.34,301.87,304.11,3064359
306.97,308.8,305.69,308.69,2031626
307.3,309.39,305.51,306.87,2660597
307.27,307.99,304.35,306.57,2245687
298.69,307.55,298.5,307.55,4543264
294.99,300.69,292.1,299.66,4007601
291.41,293.34,289.4,292.33,1810122
291,292.57,288.01,291.53,2775516
286.42,291.67,286.14,290.59,3047197
285,286.38,282.07,285.88,1985923
282,285.4,282,284.03,1380205
281.04,286.58,280.59,283.73,3238618
279,283.29,277.16,282.1,2890065
276.19,279.83,276.19,277.69,3193515
279.18,280.2,274.54,277.55,2520422
273.98,277.98,273.5,277.57,3029816
272.3,273.47,269,272.09,2452910
271.29,273.16,265,270.61,3866168
274.57,275.84,269.79,273.36,4202058
275.14,278.6,272.39,273.44,2985196
281.26,283.34,277.87,278.16,2828375
279.08,282.91,278.11,281.76,2147649
276.35,280.2,275.65,278.06,2885680
275,277.07,273.44,273.99,2147223
271.5,276.8,270.29,275.79,2651715
276.6,276.8,270.45,271.67,2239259
276,278.41,274.24,274.78,3094367
276.68,282.47,275.24,281.07,3088355
269.74,280.1,269.13,276.87,4632539
267.75,270.5,264.21,267.83,2476368
265.81,271.66,265.02,267.17,3512867
267,268.88,263.02,265.7,2088972
265.38,269.11,262.95,266.88,2545284
266,271.91,265.94,269.2,3374919
265.71,268.57,265.62,266.83,1668469
265.46,268.25,264.84,265.53,1903590
266.48,271.1,266,267.29,3471096
259.85,261.93,258.34,261.74,1696415
260.49,263.17,259.59,261.8,2007811
267.39,267.59,260.8,262.96,3332597
268.74,270.77,267.66,268.86,1741466
269,271.79,266.5,267.63,2209034
265.83,269.98,265,269.9,2528227
265.96,268.43,263.85,264.12,1643668
267.07,269.05,264.56,266.56,2721687
264.5,269.4,264.03,268.33,2700674
262.77,265.88,262,264.51,2149498
260.88,263.65,260.21,263.63,3145869
258.73,263.55,256.88,260.16,2769255
256.87,260.3,255.33,258.68,2677086
256.31,259.74,252.91,257.73,3134069
258.09,259.5,253.42,255.72,2349545
256.14,259.25,254.7,258.05,3514674
248.94,252.93,245.78,252.55,3936170
253.9,254.2,245.75,248.23,4392202
249.37,254.68,248.56,253.81,4250210
254.9,257.01,249.15,249.74,7120310
269.97,272.02,252.81,254.81,14035877
271.53,275.8,270.5,274.7,6116498
269.5,271.47,266.81,268.78,1855081
264.5,269.87,264.5,268.9,2274694
259.35,264.6,258.03,263.55,2119351
258.16,262.88,257.5,260.32,2602870
266.81,266.99,256.6,259.42,3138006
270.8,270.85,264.25,267.4,3135291
269.31,272.8,268.06,272.34,2138618
271.08,275.12,267.1,267.72,3325919
270.12,273.27,267.02,272.87,2868165
264.74,270.97,264.74,269.85,3092065
261.78,265.98,259.32,264.77,2322707
258.85,262.61,257,261.14,2158332
255.92,259.68,255.63,258.95,2296823
255.72,256.18,253.67,255.48,2558157
259.23,260.41,256.12,259.08,1964612
262.12,263.67,257.75,259.03,2414484
262.4,265.89,260.55,263.32,2632338
266.98,267.4,261.01,261.61,2525200
265.82,267.38,264.06,266.49,2473857
258.75,265.93,257.9,265.3,2874924
257.05,261.48,256.28,260.31,2421160
258.58,259.43,254.5,256.02,2515058
254.55,257.77,252.07,257.75,3126299
256.11,257,252.68,253.39,2806446
258.05,259.76,254.55,257.28,2738970
258.4,259.5,252.62,256.41,3739566
259.3,261.49,257.12,257.89,2721496
264.98,267.26,260.05,261.82,4866472
269.67,270,263.53,265.74,5227305
275.24,276.5,272.64,275.1,1884215
271,277.4,270.36,274.13,3246856
273.43,273.99,270.4,271.24,1905076
275,275.44,271.5,274.19,1880117
274.1,274.8,271.85,273.88,1939787
275.76,276.49,271.83,273.79,2051552
274,276.68,269.99,275.59,3688583
265.36,273.3,264.14,273.11,3457519
263.27,266.6,261.04,265.74,2958799
261.81,267,260.63,264.27,2668154
259.4,265.83,256.86,263.25,2908410
260.89,262.04,255.73,259.36,3348760
266.94,268.69,259.65,259.87,3032709
266.62,267.11,261.61,265.42,3125202
265.12,269.48,263.25,265.94,3638795
270.2,274.3,266.37,266.41,3530656
265.91,270.11,264.5,269.75,2856410
267.63,268.92,263.11,265.09,3981233
267.37,270.65,265.4,269.24,3464080
261.53,269.96,260.3,269.47,5295786
259.19,260.16,257,258.7,2944730
263.2,263.25,256.6,257.21,3407457
261.4,265.25,260.56,261.95,3879628
264.1,264.1,255.11,260.23,3977065
265.16,266.89,261.11,262.22,2772204
262,268.03,261.46,266.89,4013780
262.78,264.68,259.07,259.98,3723793
268.93,268.93,262.8,265,6118146
271.04,275.94,263.7,265.5,6775977
283,284.2,267.11,272.76,13081805
275.35,275.46,258.35,260.35,10172552
283.78,284.48,274.4,276.04,4322557
275,284.72,274.4,283.99,4974945
269.37,276.65,269.37,273.62,3416909
270.57,271.09,266.65,268.11,2513507
271.62,272.1,269.23,270.19,2139462
270.83,274.5,269.6,272.12,2944742
271.5,271.97,269.21,270.48,1884883
270.53,271.24,267.83,268.93,2066092
270.68,272.73,269.3,271.9,2327154
268,274.26,267.54,272.73,4274746
265.1,268.43,264.11,267.94,2413364
268.54,268.74,262.3,265.34,2866093
268.17,269.5,265.4,266.35,2265991
267.07,268.98,263.57,266.38,3012356
262.97,269.72,262.67,268.46,4912360
257.58,259.8,256.65,259.15,1875900
257.27,260.88,256.37,258.48,2751611
256.08,258.1,253.26,257.31,3271279
243.75,252.41,242.75,250.87,3419354
245.85,247.44,245.05,245.18,1863298
248.28,249.35,242.86,248.31,3640682
257.15,257.42,248.04,248.63,4153579
257.3,259.5,256.96,258.62,986435
257.82,258.38,255.74,256.92,4704602
258.36,262.41,256.54,261.5,2585390
261.3,261.67,257.68,257.99,2301721
254.57,263.11,254.57,260.4,4961611
249.81,254,249.26,253.86,2277289
250.11,251.9,247.79,249.19,2527188
251.11,254.54,250.02,251.25,2462285
251.07,254.36,250.06,251.76,2628123
248.5,253.48,246.65,250.69,4185953
253.1,254.78,247.3,247.77,3505507
254.14,255.21,252.01,253.27,2170475
253,255.17,251.51,253.37,3557822
252.44,255.55,250.38,253.96,2853087
249.94,253,248.66,252.49,3116870
252.54,254.16,250,250.33,2991393
250.38,252.65,248.27,252.05,3797641
248.05,252.48,247.5,251.27,5314702
242.45,247.23,241.5,247.11,2744898
243.22,245.67,241.54,243.4,3048476
240.39,244.32,238,243.62,4178897
239.89,240,236.48,239.88,1776744
233.84,238.67,232.75,238.03,2959494
230,233.82,229.5,233.78,2772653
228.32,232.5,227.45,229.71,3593171
221.31,226.25,218.64,225.23,4353536
222.3,225.16,218.18,220.6,3404622
226.5,227.41,222.51,222.95,3034284
225.12,227.9,224.71,226.6,2629797
226.59,229.22,225.41,226.47,2129805
226.26,230.97,224.6,226.31,3092767
232.22,233.45,227.1,227.35,2991034
235.65,235.66,229.42,232.06,3625570
235.41,237.75,234.45,237.56,2664319
232.04,234.83,230.11,234.33,1846241
234.01,237.4,232.11,232.42,3374847
234.23,234.55,231.34,232.14,3905997
236.32,238.7,230.5,232.89,4797876
228.6,238.71,226.69,238.24,11367410
230.92,230.92,222.92,222.92,6741212
235.88,235.94,227.95,228.49,3679682
231.05,236.5,230.01,234.31,4431962
238.81,238.95,232.32,233.78,4499938
245.16,246.82,238.94,240,4396972
247.77,250.91,242.7,244.85,5305942
243.37,248.8,243.3,247.49,3303018
244.87,245.77,242.08,243.94,2204143
242.85,244.78,238.51,244.18,2960049
243.18,245.46,241.91,242.36,2203701
248,249.3,241.89,244.22,3447983
252,252.46,244.01,244.99,3950008
258.67,259.35,250.73,250.96,3497182
257.67,259.8,255.56,259.06,1762589
261.2,261.9,257.49,258.51,2807298
256.01,261.52,255.87,260.47,2710852
251.21,256.1,249.56,255.92,2746516
252.8,253.15,249.03,250.6,2195767
255.4,256.16,250.49,252.01,2581202
256.14,257,253.2,254.32,2456710
250.54,257.4,250.52,256.59,3397739
252.4,254.61,248.23,249.67,2921042
256.33,258.95,251.03,252.46,4405976
255.22,255.6,253,254.8,2710040
261.74,262,256.74,257.47,6060350
260.03,260.87,258,260.81,2914144
259.45,262.84,258.53,261.68,2637214
258.48,260.5,257,258.75,2216148
261.25,261.25,257,258,2306215
261.4,264.11,259.77,261.27,3666583
254.94,262,253.8,260.24,3526477
256.5,257.78,253.5,255.63,2274715
257.6,257.6,254.26,255.67,2526395
259,260,256.82,257.09,2567521
253.85,259.42,253.52,259.14,5030876
248.23,252.7,247.2,251.38,5363368
247.61,248.61,245.3,246.22,2653576
248.27,251,244.66,247.88,3954066
248.07,249.45,245.5,248.27,3347458
246.99,250,245.25,246.22,3647976
246.78,247.61,244.59,247.12,1773899
243.97,246.78,243,246.11,2746912
245.79,247.5,243.12,243.92,2929676
241.68,246.87,241.36,245.74,3699397
242.14,243.48,239.02,241.2,2454445
239.4,244.9,238.8,243.1,2473886
240.88,243.85,238.55,239.45,2571911
241.37,241.65,238.2,240.35,1889992
240.6,243.35,240.47,241.17,3085900
237.72,242.82,236.2,241.55,4312712
232.26,238.14,232.25,237.42,3266819
234.71,236.72,232.62,233.19,2750998
232.23,234.37,231,232.44,1997421
233.08,234.85,231.43,232.75,1852503
233.93,235.99,233.5,234.06,1548552
235.29,236.45,233.59,234.38,1534228
234.13,238,233.25,236.56,2058428
235.56,235.74,233.81,233.99,1843686
234.03,236.49,233.03,234.97,2825514
230.56,234.34,228.66,230.81,3048331
234.14,234.38,230.7,232.09,2543843
235.1,236.3,231.61,233.3,3455868
237,240.74,234.07,236.09,3736365
225.25,238.34,224.5,237.32,11315524
220,221.45,214.95,220.01,6937337
222,222.5,215.91,217.05,3648127
226.27,226.61,221.23,223.04,5017099
224.72,226.58,221.54,226.01,5516909
225.36,229.39,225.3,228.29,4170883
220.73,227.5,220.69,226.17,5451352
216.15,218.67,215.71,217.47,2097319
217.45,217.94,213.96,216.93,1987267
216.6,218.31,214.46,216.01,2004345
215.63,219.31,213.88,218.39,2222329
216.61,217.3,212.61,215.36,2617140
218.95,221.74,215.34,218.37,2734848
226.25,227.14,218.28,219.5,2983109
225,226,223.45,225.05,1921979
226.35,228.9,224.18,225.05,3203230
228.62,230.5,226.53,227.06,2683610
229.14,229.53,227.59,229.53,1335952
229.3,229.34,226.34,229.32,2330930
224.7,228.35,223.71,228.35,3615572
223.92,224.62,218.75,221.31,2995338
225.01,227.5,223.3,225.62,2799580
221.45,226.39,221.45,225.61,3755034
220.3,221.59,218,220.07,2382265
221.83,222.51,219.35,222.16,2188063
223.84,226.03,220.52,220.58,2843130
224.51,224.74,220.84,223.02,2445774
223.26,225.2,221.66,224.03,2716819
217.28,223.76,216.73,222.66,3371446
215.29,219.33,214.46,218.35,3788005
215.26,216.5,212.56,214.45,3060973
215.52,217.38,213.52,214.73,2326254
217.65,218,214.52,216.42,2833765
217.49,220.87,215.2,216.5,3749085
218.61,219.42,216.66,218.48,2876904
219.65,221.49,218.11,218.8,3505416
214.63,218.4,214.52,217.64,2715054
213.85,216.86,211.16,213.21,3546441
207.4,215.35,206.37,214.57,4302341
208.44,211.23,207.3,208.22,3953691
209.48,213.79,207.11,212.91,4944924
212.14,212.98,207.75,209.23,4085414
214.3,216.55,212.29,214.75,2695938
214.99,215.98,212.22,212.89,2171364
216.98,217.66,212.7,215.24,3141496
214.71,217.55,211.18,217.28,4243774
218.31,218.87,213.96,215.33,3733844
214.03,219.98,212.82,218.11,3580096
219.41,219.63,212.81,213.85,5233522
225.05,226,218.09,218.36,4507911
225,228,222.5,224.06,5261956
226.5,230.61,223,224.39,5716858
225.6,227.29,222.51,222.93,3096794
225.95,230.68,225.73,227.68,4195541
223.91,229.08,221.95,226.69,4648359
220.59,225.78,220.16,222.98,3713431
223.15,225.39,218.2,223.9,4523044
222.36,226.87,222.29,225.16,3314226
227.8,229.72,223.74,223.99,4587893
229.74,232.53,228.03,229.45,4057859
227.82,231.44,227.4,230.25,4593971
229.4,232.97,228.4,230.04,6757217
223.95,233.84,223.05,231.9,9766512
224.83,228.69,220.22,226.85,22112329
193.57,196.36,193.02,195.99,10233980
191.67,194.8,191.6,194.42,3958413
188.68,190.7,186.51,190.33,3381850
188.99,188.99,185.51,188.24,3481356
192.34,193.48,189.8,189.98,3243745
192.93,194.55,189.75,191.1,4003037
188.82,193.45,188.74,191.07,4003095
187.21,190.04,186.87,188.39,2829460
189.01,189.47,183.65,185.5,4044271
189.9,189.94,186.26,188.46,3432203
188.06,192.26,185.61,190.69,4028910
189.63,191.97,186.79,187.97,4338218
192.75,193.52,186.57,186.98,4455491
192.02,194.2,190.5,191.87,3136878
193.55,196.03,193.55,194.39,3217777
196.95,197.68,192.36,193.99,5459483
198.24,202.39,197.5,199.66,5001070
198.02,199.9,197,198.05,6430730
205.02,206.85,201.87,202.51,4440996
201.28,205.31,200.63,204.61,5711525
206.14,207,200.31,201.16,6246236
203.59,209.85,202.88,205.44,9600734
196.48,202.97,195.5,202.87,7620695
192.01,196.2,191.8,195.04,5984094
190.54,194.06,190.26,192.4,3740279
192.5,194.28,191.26,191.73,4215499
184.88,194.41,182.88,192.33,9167308
183.45,186.68,183,185.52,3904019
183.28,185.68,182.35,185.05,4934824
182.02,184.43,180.3,184.43,4160618
183.65,184.32,181.14,182.26,3699734
183.92,184.87,180.77,184.59,4404299
184.13,185.4,182.2,183.39,2588002
186.79,187.2,183.44,184.32,4510556
184.17,188.38,183.8,187.64,4223589
182.65,185.5,182.4,183.77,4951927
178.68,183.5,178.04,181.09,5614085
179,181.82,178.18,180.26,4684257
179.48,181.84,178.92,179.3,3658009
179.89,180.49,176.58,180.04,4938425
183.89,184,179.01,179.69,5302508
178.9,184.29,177.95,183.8,5764907
177.54,179.19,176.5,178.53,3707942
179.7,180.74,178.37,179.13,3669165
179.64,180.75,176.96,178.89,5157465
181.95,182.99,180.29,180.58,5786428
182.65,184.75,180.58,182.26,6758962
180.09,183.41,179.36,182.5,7418563
177.79,181.68,175.14,179.93,12565470
191.29,191.54,183.26,184.47,7802059
191.08,193.57,186.1,191.3,9534544
187.17,192.5,185.68,191.59,6073565
183.42,187.63,182.52,185.54,5798484
184.5,185.69,181.76,184.98,7189994
184.95,186.49,182.91,185.48,5477425
182.65,184.94,182.06,184.19,5104453
186.28,186.56,182.92,183.14,5311645
182.83,187.9,181.89,187.68,8122732
179.65,181.94,176.8,181.72,8738896
173.81,179.95,172,179.46,21341033
194,195.63,189.7,194.44,12772139
193.68,195,190.13,192.15,5430039
193.09,196.5,192.33,195.37,4663070
189.3,194.85,188.73,193.32,5878847
186.99,188.17,184.61,187.8,4308183
185,188.41,183.82,187,4681086
190.79,191.73,185.23,186.09,4587694
190.71,192.9,189.04,190.93,5610542
190.88,195.94,190.36,194.45,7100003
181.94,190.25,181.12,189.44,7477287
180.15,183.3,178.51,181.66,5645244
175.81,178.8,173.5,178.42,4754529
179.42,179.49,175.75,175.93,5388353
179.64,180.77,178.19,178.9,3102877
181.1,182.4,177.1,179.34,3986102
182.76,184.37,177,178.56,5058542
178.07,184.65,177.5,182.61,7010139
175.94,178.25,174.05,177.61,3810496
179.21,180.5,176.06,177.51,4206624
175.89,179.48,175.55,179.03,5111970
173.36,175.17,172.49,173.1,4280263
169.62,174.55,166.97,173.86,8212559
176.39,176.65,172.28,173.89,3660008
177.73,178.59,176.16,176.27,2951104
179.22,179.68,175.6,177.28,3497605
175.09,179.67,174.21,179.03,4696272
181.92,183.5,172.49,174.35,8068732
182.69,183.17,180.54,182.52,4600597
182,183.17,179,179.33,4535016
182.42,184.41,180.31,181.26,6665197
182.05,184.8,179.53,181.26,7260281
179,180.75,170.25,180.21,11616875
188.56,189.68,178.5,180.51,9306288
190.03,191.15,187.63,189.52,4344146
191.21,193.95,188.4,193.03,5159276
193.57,195.89,190.08,190.48,4361514
191.03,196.71,189.12,195.32,6428567
195.98,198.32,190.11,191.99,5203688
198.86,199,193.67,196.24,5922598
197.07,199.66,195.18,196.03,7526348
191.85,198.08,191.59,197.13,7330072
194.76,195.3,188.75,192.29,7718451
194.78,195.5,187.3,188.39,6577462
191.65,194.62,190.54,194.15,7207253
190.41,190.83,181.51,182.4,4971977
193.06,194.6,187.89,188.99,8012208
186.95,194.04,183.58,192.34,9919367
193.29,193.36,185.05,189.25,11323532
205.33,205.34,197.11,197.14,8438477
212.51,212.9,202.1,204.52,7985182
216.27,216.97,211.23,211.99,5510208
218,220.33,214.26,217.83,5739106
215.65,222.35,214.25,218.93,6522901
212.52,217.88,210.31,217.39,5165571
213.5,214.06,208.1,210.79,5044864
214.95,215.7,210.6,211.22,4685124
219.2,219.35,215.21,217.99,3917258
216.84,220.2,214,217,3860758
217.65,218.23,214.33,216.48,4066890
216.3,218.5,213.02,218.29,5317497
215.55,216.79,212.72,215.62,6133127
208.11,216.21,207.43,212.1,8516210
215.79,218.89,213.04,213.51,7352676
206.53,218.4,205.75,217.32,9886256
204.26,208.6,201.1,206.78,10776025
203.69,207.58,196.51,198.4,24140922
238.59,239.01,225.89,227.15,14012593
236.02,240.47,234,237.61,4976877
236.91,237,230.6,234.78,4572980
232.13,234.74,229.8,233.61,4526838
240.67,243.33,229.25,231.53,6715807
242.31,244.61,236.62,243.88,4612859
244.29,246.71,240.67,242.33,4778929
240.87,246.71,240.18,246.71,5927282
237,239.68,235.23,236.15,4841536
236.64,241.84,234.33,236.81,6511045
230.6,236.75,229,235.48,5005722
226.23,232.8,224.1,231.32,5145525
222.48,227.9,218.41,224.74,6786465
220.28,223.62,217.55,221.51,6850357
212.53,220.17,208.48,219.5,6512936
209.62,215,200.43,212.5,8715811
217.01,221.6,211.39,211.98,6625118
218.19,223,215.21,216.23,6553621
234.17,234.3,216.29,222.44,9380228
226.35,235.81,225.6,229.71,14439111
234.22,234.75,222.4,224.21,7840914
227.48,230.24,221.4,229.85,5794703
220.51,224.49,219.06,223.61,6469239
224.72,228.79,219,223.23,8255563
234.51,240.52,231.81,231.87,5884096
240.8,241.05,231.03,233.25,7385251
237.11,244,232.88,241.69,8223270
227.57,240.44,226.74,239.3,11760132
223.99,227.2,221.25,226.78,5610172
220.22,224.99,216.72,222.57,5884384
217.79,219.95,215.01,219.53,4836596
208.75,216.66,208.65,216.56,5343529
215.05,216.96,209.75,211.39,4576477
218.3,220.64,216.34,217.26,4405196
218.8,220.19,214.22,219.9,5302955
204.77,216.6,204.47,216.18,6217185
208.94,210.69,207,210,4237270
215.28,217.64,211.62,212.54,5276688
212.27,216.17,211.35,215.23,7406344
205.78,212.49,204.32,210.92,5919660
202.82,206.67,202.55,206.53,4515202
191.24,199.72,189.6,199.27,5310620
194.41,196.99,191.07,192.03,3760329
193.89,196.31,190.17,193.73,6252998
178.92,194.84,178.52,193.55,7352930
182.83,184.2,177.1,177.54,5314812
180.29,190,177.55,178.93,7248437
191.21,191.34,179.72,182.52,8280385
198.53,199.6,193.74,195.93,3991541
201.14,201.39,194.75,197.68,5209051
202.06,205.28,198.32,202.95,4785864
200.28,204.56,197.21,202.3,5620580
197.01,200.85,191.36,198.36,7404618
200.76,202.4,193.6,194.13,8757585
196.7,205.09,190.46,205.09,10497215
196.4,200.39,190.05,193.7,10431184
204.67,207.32,194.84,202.7,10024461
206.73,208,201.45,201.48,6584935
209.48,214.83,205.54,209.96,8199706
220.32,214.83,205.54,209.64,10273341
225,227.45,217.66,221.32,5792926
221.29,225.75,219.51,222.52,5170390
223.27,225.95,220.23,223.9,5355607
224.39,227.2,219.62,222.52,12956323
214.99,215.6,210.35,214.18,9863579
215.49,216.08,213,213.49,3346669
213.86,217.95,211.11,216.52,3599944
216.74,217.09,211.07,213.21,4546082
220.05,220.2,214.41,215.55,3375432
213.77,218.4,213.77,218.06,4438956
212.53,213.39,208.29,211.53,2900565
213.08,214.53,209.29,212.87,4075383
213.58,215.91,209.38,210.38,3904926
214.7,216.83,212.14,213.5,4231702
214.64,215.65,211.12,211.23,3987227
216.74,217.5,211,212.55,4034763
214.3,218.32,213.25,218.28,3708086
215.09,217.8,215.09,216.74,3145960
212.12,214.4,211.01,214.19,2607964
208.76,214.45,208.73,213.19,3586281
205.55,210.27,203.61,209.49,4012454
200.78,205.2,200.5,204.49,4451250
202.67,206.25,201.03,204.18,4609723
201.92,202.88,200.6,202.35,3825988
194.5,202.58,194.03,201.25,6101849
193.88,194.92,191.35,192.55,3616647
189.5,194.46,188.3,194.16,4615173
193.96,195.2,191.32,191.63,3134854
188.3,195,187.12,194.23,4183501
185.96,188.85,185.57,187.72,2834166
186.51,187.39,184.64,186.37,6328369
185.74,187,181.59,183.65,6032134
188.04,192.45,185.3,185.98,6318168
188.99,190.72,187.07,189.96,3960596
186.81,189.31,184.86,186.29,3870110
189.25,190.77,186.28,186.53,3763319
189.74,191.76,185.71,189.68,4187248
187.45,189.81,186.32,188.05,3717299
185.72,190.63,185.52,187.55,4867038
188.66,189.85,185.18,185.69,3713215
191.23,193.21,187.62,188.32,4975621
192.28,194.44,190.56,193.65,3045560
196.06,197.26,192.05,192.4,3449408
195.94,198.44,195.03,196.69,3412945
194.76,196.12,193.5,194.13,2353956
191.24,196.45,190.88,195,4075276
193.57,194.35,191.14,192.26,4661207
197,197,193,193.27,2972667
195.56,197.29,192.02,196.22,4230523
197.95,199.8,197.24,198.65,3382021
198.33,199.95,197.55,198.8,3702622
194.13,198.28,193.25,197.09,4958993
191.82,195.98,191.76,194.81,7077636
200.54,200.9,191.37,192.51,9389688
205.7,206.39,202.36,202.56,4126181
204.22,206.19,200.62,206.07,4820690
203.12,205.5,202.25,204.38,4813424
201.94,205.29,201.56,203.94,5891767
198.34,202.36,196.78,200.8,5826058
199.1,199.56,196.56,197.6,4017937
198.66,201,196.12,197.11,4638222
198.25,201.86,195.37,199.97,6551399
201,202.59,196.69,198.45,6053289
196.57,203.42,196.18,201.19,9399303
194.38,196.59,193.78,195.81,6640873
195.96,196.79,192.27,195.07,7277475
183.2,197.8,182.75,196.63,23622949
186.27,186.42,180.74,182.3,11240571
185.65,186.35,183.77,185.42,3439714
184.56,185.97,183.05,185.89,3351735
181.62,185,181.59,183.87,4068097
178.35,179.47,176.6,178.82,2647483
178.38,178.91,175.37,178.34,4617288
181,181.78,179.02,180.01,4272899
181.39,182.08,179.36,181.82,3589689
180.83,182.88,179.8,182.29,4228310
183.06,184.59,179.42,180.48,5340273
184.86,186.49,181.85,184.04,3297828
185.26,186.22,182.78,184.71,3727206
182.78,185.17,181.76,184.91,4565547
186.15,188.27,181.12,182.76,5431265
182.1,186.36,181.8,185.29,5570058
180.89,183.61,180.69,182.94,4189692
181.58,183.25,178.59,180.13,5686427
179.31,181.57,178.5,180.13,4828345
177.78,181.16,177.66,179.42,6860586
170.73,174.84,170.07,174.62,4887443
171.8,172.5,169.25,169.35,3400936
171.64,173.49,170.3,170.98,4294302
168.21,172,167.36,171.1,6286823
162.3,166.26,160.82,165.32,4723630
164.07,164.44,162.25,162.6,3612926
163.37,165.79,161.72,164.52,4055811
161.19,163.54,160.59,161.82,7449926
165.91,166.3,160.78,160.97,6472880
164.7,168.14,162.87,164.7,5214642
161.39,166.88,160.76,165.08,4938226
166.6,168.08,164.57,166.73,4023987
165.5,169.2,164.12,168.07,4607082
167.07,168.47,164.82,166.14,6000454
166.67,169.75,163.9,169.05,7109627
169.39,169.71,166.72,166.89,4223893
171.92,172.09,166.24,169.08,5933430
172.62,172.75,169.51,171.67,4924495
173.71,174.46,172.05,172.79,4139104
169.09,173.3,168.35,172.02,5186388
173.53,173.96,168.67,169.44,5847443
173.91,175.89,172.15,173.29,6788009
178.95,180.75,177.1,177.24,4194514
176.86,179.75,174.56,177.75,4661140
180.25,181.15,174.39,176.68,5487837
183.68,184.72,179.32,180.42,5639604
187.54,188.5,185.13,186.5,4179841
185.77,189.09,185.31,187.76,3426374
189.77,190,186.35,186.62,4633082
188.73,190.49,188.25,189.03,3890806
189.25,191.4,188.35,190.42,4070689
185.56,189.5,185.37,189.25,4497699
184.39,187.24,183.6,186.21,5332604
183.15,186.47,182.26,185.3,8315841
176.66,183.11,176.59,183.06,7802311
176.15,177.55,174.77,176.43,5256698
174,177.19,173.75,175.93,4352491
173.5,174.67,171.95,173.71,3681259
171.42,175.2,170.87,173.53,4551448
170.52,173.1,169.51,172.11,5089748
170.16,171.44,167.41,169.64,6721545
171.45,173.71,166.9,171.14,19914851
177.48,185,177.31,184.45,14594320
177.51,177.89,174.63,175.39,3762167
175.5,176.75,174.28,176.7,4653276
177.95,178.49,174.15,176.85,5602345
183,183.25,176.84,177.42,6812240
185.29,186.85,181,181.96,5717568
190.9,191,186.21,186.87,3889410
188.66,191.6,188.25,191.25,3901726
185.5,188.94,184.92,188.75,3664965
183.6,186.45,183.51,185.53,3368768
185.36,185.38,183.3,184.08,2679087
185.42,186,183.21,184.34,2815814
185.04,185.29,182.51,184.68,3376678
187.88,188.45,183.74,185.49,5222815
186.5,187.41,185.25,185.86,3179610
184.1,187.45,184.07,187.42,3418779
186.15,187.7,183.78,185.01,5034775
181.37,186,181.21,184.22,5333813
181.96,182.3,179.51,180,3453895
183.92,184.55,182.75,182.75,1961549
181.8,184.35,180.41,183.37,3122379
182.1,182.77,181.05,181.09,1975718
181.9,183.14,180.45,182.14,2249734
184.34,184.98,181.89,182.59,3359880
185,185.45,184.11,184.76,2580840
183.88,185.65,182.6,184.75,5112753
179.27,183.98,178.04,183.29,8735272
178.41,178.75,177.02,177.58,4508074
175.58,178.3,175.04,178.04,4123222
173.72,179,173.59,175.57,5817620
174.28,175.76,173.09,173.94,3689528
176.33,177.94,173.73,174.25,4206511
174.88,175.95,173.36,175.62,3566523
177.77,178.11,173.8,174.85,4555974
177.49,178.16,175.2,176.29,3735998
180.5,181.47,176.57,176.77,5079928
175.52,178.43,174.6,178.05,5663482
175.5,176.4,174.05,175.68,4909659
176.86,177.45,173.92,176.53,5541683
179.16,179.32,176,176.55,5778757
176.95,177.7,174.9,175.4,6767225
179.99,181.84,177.57,179.49,9699540
177.36,178.38,176.16,177.2,4272138
171.53,177.89,171.53,177.25,10055739
168.61,168.81,164.62,168.2,6472593
165.1,170.6,165,170.39,6149610
163.95,164.99,162.84,164.82,4466200
160.74,165,160.74,164.17,6230844
157.84,160.85,157.55,158.35,4527206
158.74,160.91,156.77,157.78,6573783
165.16,165.35,158.56,158.9,9648534
170.12,171.26,165.05,165.68,7167318
171,172.05,169.42,170.37,5697867
170.59,173.37,169.41,173.33,5450045
172.67,173.14,169.06,170.27,3980867
170.84,173.2,168.78,171.99,5710955
169.35,171.65,168.59,170.77,5218668
169.86,172.53,168.4,168.93,7402048
165.4,168.61,162.29,168.47,6119680
163.75,165.94,163.36,164.61,4264710
164.45,164.58,161.52,162.58,5245249
165.8,168.5,164.81,165.23,4998465
168.31,168.49,165.05,166.84,4688210
168.91,169.75,166.54,167.51,5729134
167.57,171,167.5,169.95,4693643
171.57,171.99,168.32,169,6534224
162.45,170.17,162.27,169.13,16322252
162.67,166.13,161.29,164.97,13585342
158.78,159.87,156.57,158.67,5790387
160.68,162.8,157,158.67,7531854
165,165.19,161.82,163.56,6338544
158.42,164.88,156.75,164.64,10135456
155.16,156.95,154.23,155.53,4032909
156.69,156.79,153.85,155.17,5637813
152.51,156.95,151.4,156.48,5289793
154.89,156.63,152.34,153.03,4486390
155.18,156.28,152.78,155.55,6922014
156.51,157.4,153.39,156.27,4635900
160.6,160.68,154.6,155.4,6060796
157.08,161.21,157.01,160.87,5620928
153.95,155.96,152.79,155.39,5354314
157.08,157.44,152.2,153.71,8691126
160.01,160.93,155.6,157.06,7606104
159.03,161.78,157.75,158.99,7290539
159.84,160.88,154.89,159.7,8494910
160.22,161.2,157.88,159.37,6453678
155.43,160.89,155.42,160.73,10590503
151.2,155.92,150.97,152.85,7066939
149.84,152.7,149.1,151.83,6618751
150.76,153.31,149.6,150.73,7546662
148.7,151.95,147.35,151.3,6456145
148.9,148.98,146.5,148.32,7262649
145.4,148.23,145.16,148.13,5826973
144.88,145.62,143.56,145.45,4905675
144.5,146.7,143.83,145.75,4323591
144.07,145.74,143.76,145.07,5083219
140.75,142.6,140.04,142.44,5044666
140.39,141.37,139.26,140.38,4966544
137.93,139.7,136.45,139.14,5832513
137.56,138.6,136.89,137.22,3887333
136.89,139.5,136.62,138.79,6590809
132.17,135.21,132.05,135.21,5407347
126.36,132.6,126.17,132.49,7138237
122.85,125.9,122.5,124.83,4226620
126.03,126.95,123.69,123.79,3430965
125.46,126.64,122.25,126.64,5080505
127.15,127.59,124.82,124.86,4699222
123.85,127.37,123.83,126.85,5346447
125.41,125.44,123.18,124.53,5369619
127.86,129.22,126.5,126.6,3867811
127.2,128.04,126.02,127.76,4172548
129.22,130.02,126.82,127.57,5582487
129.25,130.81,128.26,129.65,7902371
127.34,129.98,126.79,128.86,5045092
123.61,127.37,123.04,126.07,4027614
126.06,127.48,124.26,124.69,3983580
123.76,127,123.55,126.56,4368459
128.1,128.12,125.2,125.89,5542390
127.95,130,127.38,130,5706813
128.46,129.93,127.85,128.83,5087069
126.72,128.4,125.9,128.32,5065977
126.77,128,125.82,127.83,4282297
123.06,128.47,123,127.58,9275063
120,122.87,119.68,122.42,5962926
119.15,120.38,117.57,120.07,5482619
115.53,118.74,114.51,117.89,7083180
117.99,118.87,115.52,116.86,6184850
117,118.2,116.4,117.13,5472256
118.43,118.5,115.07,117.13,7796020
118.26,118.6,114.88,118.4,11137741
105.92,119.28,105.8,118.87,42421074
118.71,120.87,118.02,120.07,15003327
120.62,121.25,117.26,117.43,5011618
120.61,120.71,117.51,120.1,6785727
118.38,120.74,117,119.94,5030817
121.28,121.92,118.01,118.49,6227899
120.13,122.48,119.26,122.06,6051125
123.03,123.75,121.47,123.3,5257540
120.69,124.88,120.3,123.65,7091088
117.81,119.7,117.32,119.51,4783737
116.55,117.4,114.65,117.26,4065036
115.02,117.48,114.07,116.22,6776483
109.84,113.63,109.81,113.43,4944961
110.65,112.53,109,110.06,5219408
110.92,111.29,108.56,109.14,4477303
108.9,111.69,106.7,110.96,8530344
108.58,112.68,108.11,109.26,9740934
116.26,116.48,106.01,108.61,12866217
118.85,120.04,117.1,117.8,5612525
118.14,121.76,117.63,121,5770282
120.61,120.85,116.8,118.33,7771960
122.11,123.22,120.04,121.45,5455131
122.65,125.23,121.55,122.31,6207395
126.79,127.48,121.41,122.55,5327679
126.48,127.48,125.07,125.83,3840699
126.74,127.8,124.69,125.89,3480029
125.39,127.98,125.36,126.9,3964437
123.2,126.92,122.5,126.84,4541551
124.24,125.7,123.5,123.83,3922912
121.39,123.53,120.29,123.03,4205811
120,123.5,119.2,123.21,6061755
120.31,121.47,117.36,117.91,7371717
122,122,115.8,118.84,11517726
125.84,126.61,121.67,122.01,6574503
126.33,128.2,122.18,122.77,5497625
126.25,129.15,124.85,128.76,5277304
124.02,126.43,121.65,126.31,4764623
124.97,126.57,123.02,123.24,3659489
126.07,127.6,124.01,125.46,3955852
124.98,126.85,120.6,126.7,4748544
125.05,125.79,122.3,123.21,6968764
118.54,125.19,118.5,124.86,7121633
122.57,124.5,120.65,122.12,4544265
117.9,124.97,117.52,122.72,7968396
122.64,125,118.78,119.71,8594302
125.51,127.93,123.8,124.59,6464521
130.14,131.25,125.51,126.28,5258767
128.24,129.95,125.8,128.91,5642751
130.36,131,126.76,128.53,5277824
133.93,136.99,131,131.47,5940987
131.41,134.13,129.68,133.87,5905373
129.95,133.08,128.47,130.46,6047677
129.73,132.21,129.26,131.29,6806846
127.97,131.18,123.76,124.98,11936041
130,132.33,120.6,128.71,10195596
128,131.61,127.55,130.93,9462155
135.62,135.81,128.38,129.83,12670239
137.2,139.44,136.11,137.49,5662833
141.4,141.4,136.91,137.1,6113453
140.09,142.45,139.79,141.73,6314873
142.59,142.75,138.69,139.35,9236364
145.55,146.44,141.11,142.02,8641245
143.2,147.73,142.9,147.11,9319997
145.38,149.09,142.42,143.63,18981078
147.01,151.09,145.88,150.09,15165734
145.17,149,143.52,146.43,7374343
143.83,144.64,142.1,144.2,4314512
142.35,143.67,139.13,142.43,6023117
144.88,147.17,141.45,142.17,8401062
144.55,147.09,144,145.82,7831717
140.34,144.5,139.2,144.28,7900274
141.23,141.98,139.12,140.16,4787008
140,142.92,139.68,141.2,5446461
140.72,141.33,139.07,140.06,6014526
134.71,141.25,134.71,140.96,12694329
135.96,136.08,133.86,134.87,5947297
131.23,136,131.18,135.56,7950439
132.85,133.74,130.78,131.49,5817409
136,136.8,134.48,135.77,4602196
135.74,138.19,135.36,136.58,6202284
135.37,136.63,134.33,135.12,4627668
134.9,136.99,133.76,135.06,6575480
129.14,136.91,128.04,134.73,16212627
128.64,129.4,127.2,128.04,4703238
130.89,130.94,128.07,129.26,4213607
130.2,130.96,128.64,130.47,5383302
133.71,133.71,129.66,130.35,8906225
131.02,132.85,130.44,132.76,5024120
132.41,132.69,131.22,131.34,4358962
131.24,132.29,130.5,131.79,4136434
131.7,132,128.63,131.13,6329310
134.2,134.2,131.18,131.82,6151927
130.45,133.62,130.36,133.58,7244668
129.11,131.17,128.48,130.51,5627431
129.59,130.81,127.97,128.82,6071029
128.3,130.85,127.71,130.11,5607327
129.13,129.45,127.07,128.91,6771126
125.96,128.85,125.57,128.53,7509644
125.4,126.94,124.43,125.89,6443021
125.01,127.35,124.8,125.53,12098298
118.85,124.66,117.53,124.54,13300501
117.88,119.43,117,118.4,5721864
118.17,118.34,115.85,118.2,9535889
117.96,119.8,117.15,119.72,7393039
118.01,119.25,116.51,117.24,7069011
117.37,118.97,116.18,118.01,6809386
